<?xml version="1.0" encoding="ISO-8859-1"?>
<adempiereAD Name="Stocktaking" Version="1.0" CompVer="Release 3.3.0" DataBase="1.0" Description="Stocktaking Program &#10;&#10;Using to freezing stock and start the stocktaking process in myStock application" creator="admin@adempiere-thai.net" creatorcontact="admin@adempiere-thai.net" createddate="2016-11-11 17:44:20" updateddate="2016-11-11 17:44:20" PackOutVer="005">
    <menu ADMenuNameID="Stocktaking" ADWindowNameID="Stocktaking" ADProcessNameID="" ADFormNameID="" ADTaskNameID="" ADWorkbenchNameID="" ADWorkflowNameID="" ADParentMenuNameID="Material Management" AD_Menu_ID="95000" ADParentSeqno="23" Action="W" Description="Stocktaking" EntityType="cenos" isActive="true" isReadOnly="false" isSOTrx="false" isSummary="false">
        <window AD_Window_ID="95000" ADWindowNameID="Stocktaking" ADImageNameID="" ADColorNameID="" Description="" EntityType="cenos" Help="" isBetaFunctionality="false" isDefault="false" isSOTrx="false" isActive="true" Name="Stocktaking" isProcessing="false" WinHeight="" WinWidth="" WindowType="T">
            <table AD_Table_ID="95000" Name="Stocktaking" ADTableNameID="Ext_Stocktaking" ADWindowNameID="Stocktaking" POWindowNameID="" ADValRuleNameID="" AccessLevel="3" Description="Stocktaking" EntityType="cenos" Help="" ImportTable="N" isChangeLog="false" isActive="true" isDeleteable="true" isHighVolume="false" isSecurityEnabled="false" isView="false" LoadSeq="" ReplicationType="L" TableName="Ext_Stocktaking">
                <element AD_Element_ID="95000" IsActive="true" ColumnName="Ext_Stocktaking_ID" Description="" EntityType="cenos" Help="" Name="Stocktaking" PrintName="Stocktaking" PO_Description="" PO_Name="" PO_Help="" PO_PrintName=""/>
                <reference AD_Reference_ID="13" name="ID" Description="10 Digit Identifier" EntityType="D" Help="" Name="ID" isActive="true" VFormat="" ValidationType="D"/>
                <column AD_Column_ID="95000" ADColumnNameID="Ext_Stocktaking_ID" ADProcessNameID="" ADElementNameID="Ext_Stocktaking_ID" ADReferenceNameID="ID" ADReferenceNameValueID="" ADTableNameID="Ext_Stocktaking" ADValRuleNameID="" Callout="" ColumnSQL="" ColumnName="Ext_Stocktaking_ID" DefaultValue="" Description="" EntityType="cenos" FieldLength="10" Help="" isAlwaysUpdateable="false" isIdentifier="false" isKey="true" isMandatory="true" isParent="false" isSelectionColumn="false" isActive="true" isTranslated="false" isUpdateable="false" Name="Stocktaking" getIsSyncDatabase="Y" ReadOnlyLogic="" SeqNo="0" VFormat="" ValueMax="" ValueMin="" Version="0" InfoFactoryClass=""/>
                <element AD_Element_ID="102" IsActive="true" ColumnName="AD_Client_ID" Description="Client/Tenant for this installation." EntityType="D" Help="A Client is a company or a legal entity. You cannot share data between Clients. Tenant is a synonym for Client." Name="Client" PrintName="Client" PO_Description="" PO_Name="" PO_Help="" PO_PrintName=""/>
                <reference AD_Reference_ID="19" name="Table Direct" Description="Direct Table Access" EntityType="D" Help="" Name="Table Direct" isActive="true" VFormat="" ValidationType="D"/>
                <dynvalrule AD_Val_Rule_ID="129" Name="AD_Client Trx Security validation" Code="AD_Client.AD_Client_ID &lt;&gt; 0" Description="" EntityType="D" Type="S" isActive="true"/>
                <column AD_Column_ID="95001" ADColumnNameID="AD_Client_ID" ADProcessNameID="" ADElementNameID="AD_Client_ID" ADReferenceNameID="Table Direct" ADReferenceNameValueID="" ADTableNameID="Ext_Stocktaking" ADValRuleNameID="AD_Client Trx Security validation" Callout="" ColumnSQL="" ColumnName="AD_Client_ID" DefaultValue="@#AD_Client_ID@" Description="Client/Tenant for this installation." EntityType="cenos" FieldLength="10" Help="A Client is a company or a legal entity. You cannot share data between Clients. Tenant is a synonym for Client." isAlwaysUpdateable="false" isIdentifier="false" isKey="false" isMandatory="true" isParent="false" isSelectionColumn="false" isActive="true" isTranslated="false" isUpdateable="false" Name="Client" getIsSyncDatabase="Y" ReadOnlyLogic="" SeqNo="0" VFormat="" ValueMax="" ValueMin="" Version="0" InfoFactoryClass=""/>
                <element AD_Element_ID="113" IsActive="true" ColumnName="AD_Org_ID" Description="Organizational entity within client" EntityType="D" Help="An organization is a unit of your client or legal entity - examples are store, department. You can share data between organizations." Name="Organization" PrintName="Organization" PO_Description="" PO_Name="" PO_Help="" PO_PrintName=""/>
                <dynvalrule AD_Val_Rule_ID="130" Name="AD_Org Trx Security validation" Code="AD_Org.AD_Org_ID &lt;&gt; 0  AND AD_Org.IsSummary='N'" Description="Not Summary - Not 0" EntityType="D" Type="S" isActive="true"/>
                <column AD_Column_ID="95002" ADColumnNameID="AD_Org_ID" ADProcessNameID="" ADElementNameID="AD_Org_ID" ADReferenceNameID="Table Direct" ADReferenceNameValueID="" ADTableNameID="Ext_Stocktaking" ADValRuleNameID="AD_Org Trx Security validation" Callout="" ColumnSQL="" ColumnName="AD_Org_ID" DefaultValue="@#AD_Org_ID@" Description="Organizational entity within client" EntityType="cenos" FieldLength="10" Help="An organization is a unit of your client or legal entity - examples are store, department. You can share data between organizations." isAlwaysUpdateable="false" isIdentifier="false" isKey="false" isMandatory="true" isParent="false" isSelectionColumn="false" isActive="true" isTranslated="false" isUpdateable="false" Name="Organization" getIsSyncDatabase="Y" ReadOnlyLogic="" SeqNo="0" VFormat="" ValueMax="" ValueMin="" Version="0" InfoFactoryClass=""/>
                <element AD_Element_ID="348" IsActive="true" ColumnName="IsActive" Description="The record is active in the system" EntityType="D" Help="There are two methods of making records unavailable in the system: One is to delete the record, the other is to de-activate the record. A de-activated record is not available for selection, but available for reports.&#10;There are two reasons for de-activating and not deleting records:&#10;(1) The system requires the record for audit purposes.&#10;(2) The record is referenced by other records. E.g., you cannot delete a Business Partner, if there are invoices for this partner record existing. You de-activate the Business Partner and prevent that this record is used for future entries." Name="Active" PrintName="Active" PO_Description="" PO_Name="" PO_Help="" PO_PrintName=""/>
                <reference AD_Reference_ID="20" name="Yes-No" Description="CheckBox" EntityType="D" Help="" Name="Yes-No" isActive="true" VFormat="" ValidationType="D"/>
                <column AD_Column_ID="95003" ADColumnNameID="IsActive" ADProcessNameID="" ADElementNameID="IsActive" ADReferenceNameID="Yes-No" ADReferenceNameValueID="" ADTableNameID="Ext_Stocktaking" ADValRuleNameID="" Callout="" ColumnSQL="" ColumnName="IsActive" DefaultValue="" Description="The record is active in the system" EntityType="cenos" FieldLength="1" Help="There are two methods of making records unavailable in the system: One is to delete the record, the other is to de-activate the record. A de-activated record is not available for selection, but available for reports.&#10;There are two reasons for de-activating and not deleting records:&#10;(1) The system requires the record for audit purposes.&#10;(2) The record is referenced by other records. E.g., you cannot delete a Business Partner, if there are invoices for this partner record existing. You de-activate the Business Partner and prevent that this record is used for future entries." isAlwaysUpdateable="false" isIdentifier="false" isKey="false" isMandatory="true" isParent="false" isSelectionColumn="false" isActive="true" isTranslated="false" isUpdateable="true" Name="Active" getIsSyncDatabase="Y" ReadOnlyLogic="" SeqNo="0" VFormat="" ValueMax="" ValueMin="" Version="0" InfoFactoryClass=""/>
                <element AD_Element_ID="245" IsActive="true" ColumnName="Created" Description="Date this record was created" EntityType="D" Help="The Created field indicates the date that this record was created." Name="Created" PrintName="Created" PO_Description="" PO_Name="" PO_Help="" PO_PrintName=""/>
                <reference AD_Reference_ID="16" name="Date+Time" Description="Date with time" EntityType="D" Help="" Name="Date+Time" isActive="true" VFormat="" ValidationType="D"/>
                <column AD_Column_ID="95004" ADColumnNameID="Created" ADProcessNameID="" ADElementNameID="Created" ADReferenceNameID="Date+Time" ADReferenceNameValueID="" ADTableNameID="Ext_Stocktaking" ADValRuleNameID="" Callout="" ColumnSQL="" ColumnName="Created" DefaultValue="" Description="Date this record was created" EntityType="cenos" FieldLength="7" Help="The Created field indicates the date that this record was created." isAlwaysUpdateable="false" isIdentifier="false" isKey="false" isMandatory="true" isParent="false" isSelectionColumn="false" isActive="true" isTranslated="false" isUpdateable="false" Name="Created" getIsSyncDatabase="Y" ReadOnlyLogic="" SeqNo="0" VFormat="" ValueMax="" ValueMin="" Version="0" InfoFactoryClass=""/>
                <element AD_Element_ID="246" IsActive="true" ColumnName="CreatedBy" Description="User who created this records" EntityType="D" Help="The Created By field indicates the user who created this record." Name="Created By" PrintName="Created By" PO_Description="" PO_Name="" PO_Help="" PO_PrintName=""/>
                <reference AD_Reference_ID="18" name="Table" Description="Table List" EntityType="D" Help="" Name="Table" isActive="true" VFormat="" ValidationType="D"/>
                <reference AD_Reference_ID="110" name="AD_User" Description="User selection" EntityType="D" Help="" Name="AD_User" isActive="true" VFormat="" ValidationType="T">
                    <referencetable AD_Reference_ID="110" ADRefenceNameID="AD_User" ADTableNameID="AD_User" ADDisplay="Name" Key="AD_User_ID" EntityType="D" IsValueDisplayed="N" OrderByClause="AD_User.Name" isActive="Y" WhereClause=""/>
                </reference>
                <column AD_Column_ID="95005" ADColumnNameID="CreatedBy" ADProcessNameID="" ADElementNameID="CreatedBy" ADReferenceNameID="Table" ADReferenceNameValueID="AD_User" ADTableNameID="Ext_Stocktaking" ADValRuleNameID="" Callout="" ColumnSQL="" ColumnName="CreatedBy" DefaultValue="" Description="User who created this records" EntityType="cenos" FieldLength="10" Help="The Created By field indicates the user who created this record." isAlwaysUpdateable="false" isIdentifier="false" isKey="false" isMandatory="true" isParent="false" isSelectionColumn="false" isActive="true" isTranslated="false" isUpdateable="false" Name="Created By" getIsSyncDatabase="Y" ReadOnlyLogic="" SeqNo="0" VFormat="" ValueMax="" ValueMin="" Version="0" InfoFactoryClass=""/>
                <element AD_Element_ID="607" IsActive="true" ColumnName="Updated" Description="Date this record was updated" EntityType="D" Help="The Updated field indicates the date that this record was updated." Name="Updated" PrintName="Updated" PO_Description="" PO_Name="" PO_Help="" PO_PrintName=""/>
                <column AD_Column_ID="95006" ADColumnNameID="Updated" ADProcessNameID="" ADElementNameID="Updated" ADReferenceNameID="Date+Time" ADReferenceNameValueID="" ADTableNameID="Ext_Stocktaking" ADValRuleNameID="" Callout="" ColumnSQL="" ColumnName="Updated" DefaultValue="" Description="Date this record was updated" EntityType="cenos" FieldLength="29" Help="The Updated field indicates the date that this record was updated." isAlwaysUpdateable="false" isIdentifier="false" isKey="false" isMandatory="true" isParent="false" isSelectionColumn="false" isActive="true" isTranslated="false" isUpdateable="false" Name="Updated" getIsSyncDatabase="Y" ReadOnlyLogic="" SeqNo="0" VFormat="" ValueMax="" ValueMin="" Version="0" InfoFactoryClass=""/>
                <element AD_Element_ID="608" IsActive="true" ColumnName="UpdatedBy" Description="User who updated this records" EntityType="D" Help="The Updated By field indicates the user who updated this record." Name="Updated By" PrintName="Updated By" PO_Description="" PO_Name="" PO_Help="" PO_PrintName=""/>
                <column AD_Column_ID="95007" ADColumnNameID="UpdatedBy" ADProcessNameID="" ADElementNameID="UpdatedBy" ADReferenceNameID="Table" ADReferenceNameValueID="AD_User" ADTableNameID="Ext_Stocktaking" ADValRuleNameID="" Callout="" ColumnSQL="" ColumnName="UpdatedBy" DefaultValue="" Description="User who updated this records" EntityType="cenos" FieldLength="10" Help="The Updated By field indicates the user who updated this record." isAlwaysUpdateable="false" isIdentifier="false" isKey="false" isMandatory="true" isParent="false" isSelectionColumn="false" isActive="true" isTranslated="false" isUpdateable="false" Name="Updated By" getIsSyncDatabase="Y" ReadOnlyLogic="" SeqNo="0" VFormat="" ValueMax="" ValueMin="" Version="0" InfoFactoryClass=""/>
                <element AD_Element_ID="1297" IsActive="true" ColumnName="DateTrx" Description="Transaction Date" EntityType="D" Help="The Transaction Date indicates the date of the transaction." Name="Transaction Date" PrintName="Trx Date" PO_Description="" PO_Name="" PO_Help="" PO_PrintName=""/>
                <reference AD_Reference_ID="15" name="Date" Description="Date mm/dd/yyyy" EntityType="D" Help="" Name="Date" isActive="true" VFormat="" ValidationType="D"/>
                <column AD_Column_ID="95008" ADColumnNameID="DateTrx" ADProcessNameID="" ADElementNameID="DateTrx" ADReferenceNameID="Date" ADReferenceNameValueID="" ADTableNameID="Ext_Stocktaking" ADValRuleNameID="" Callout="" ColumnSQL="" ColumnName="DateTrx" DefaultValue="@#Date@" Description="Transaction Date" EntityType="cenos" FieldLength="7" Help="The Transaction Date indicates the date of the transaction." isAlwaysUpdateable="false" isIdentifier="false" isKey="false" isMandatory="true" isParent="false" isSelectionColumn="false" isActive="true" isTranslated="false" isUpdateable="true" Name="Transaction Date" getIsSyncDatabase="Y" ReadOnlyLogic="" SeqNo="0" VFormat="" ValueMax="" ValueMin="" Version="0" InfoFactoryClass=""/>
                <element AD_Element_ID="275" IsActive="true" ColumnName="Description" Description="Optional short description of the record" EntityType="D" Help="A description is limited to 255 characters." Name="Description" PrintName="Description" PO_Description="" PO_Name="" PO_Help="" PO_PrintName=""/>
                <reference AD_Reference_ID="14" name="Text" Description="Character String up to 2000 characters" EntityType="D" Help="" Name="Text" isActive="true" VFormat="" ValidationType="D"/>
                <column AD_Column_ID="95009" ADColumnNameID="Description" ADProcessNameID="" ADElementNameID="Description" ADReferenceNameID="Text" ADReferenceNameValueID="" ADTableNameID="Ext_Stocktaking" ADValRuleNameID="" Callout="" ColumnSQL="" ColumnName="Description" DefaultValue="" Description="Optional short description of the record" EntityType="cenos" FieldLength="255" Help="A description is limited to 255 characters." isAlwaysUpdateable="false" isIdentifier="false" isKey="false" isMandatory="false" isParent="false" isSelectionColumn="true" isActive="true" isTranslated="false" isUpdateable="true" Name="Description" getIsSyncDatabase="Y" ReadOnlyLogic="" SeqNo="0" VFormat="" ValueMax="" ValueMin="" Version="0" InfoFactoryClass=""/>
                <element AD_Element_ID="95001" IsActive="true" ColumnName="FreezeStock" Description="" EntityType="cenos" Help="" Name="Freezing Stock" PrintName="Freezing Stock" PO_Description="" PO_Name="" PO_Help="" PO_PrintName=""/>
                <reference AD_Reference_ID="28" name="Button" Description="Command Button - starts a process" EntityType="D" Help="" Name="Button" isActive="true" VFormat="" ValidationType="D"/>
                <process AD_Process_ID="95001" Name="Freezing Stock" ADWorkflowNameID="" ADProcessNameID="Freezing Stock" ADPrintFormatNameID="" ADReportViewNameID="" AccessLevel="3" Classname="th.co.cenos.process.FreezingStock" Description="This process use to force all documents related with inventory in the system cannot completed." EntityType="cenos" Help="" isBetaFunctionality="false" isDirectPrint="false" isReport="false" isActive="true" ProcedureName="" StatisticCount="0" StatisticSeconds="0" Value="Ext_Stocktaking FreezeStock" WorkflowValue="" ShowHelp="Y" JasperReport="">
                    <reference AD_Reference_ID="17" name="List" Description="Reference List" EntityType="D" Help="" Name="List" isActive="true" VFormat="" ValidationType="D"/>
                    <reference AD_Reference_ID="319" name="_YesNo" Description="" EntityType="D" Help="" Name="_YesNo" isActive="true" VFormat="" ValidationType="L">
                        <referencelist AD_Ref_List_ID="668" ADReflistNameID="No" ADRefenceNameID="_YesNo" Description="" EntityType="D" Name="No" isActive="true" Value="N"/>
                        <referencelist AD_Ref_List_ID="667" ADReflistNameID="Yes" ADRefenceNameID="_YesNo" Description="" EntityType="D" Name="Yes" isActive="true" Value="Y"/>
                    </reference>
                    <processpara AD_Process_Para_ID="95000" Name="Is Stock Freezing" ADProcessValueID="Ext_Stocktaking FreezeStock" ADProcessParaNameID="Is Stock Freezing" ADElementNameID="FreezeStock" ADReferenceNameID="List" ADReferenceValueNameID="_YesNo" ADValRuleNameID="" ColumnName="FreezeStock" DefaultValue="@SQL=SELECT CASE WHEN 'Y'='@FreezeStock@' THEN 'N' ELSE 'Y' END as DefaultValue" DefaultValue2="" Description="" EntityType="cenos" Help="" isActive="true" VFormat="" ValueMax="" ValueMin="" SeqNo="10" FieldLength="0" isCentrallyMaintained="false" isMandatory="false" isRange="false"/>
                </process>
                <column AD_Column_ID="95010" ADColumnNameID="FreezeStock" ADProcessNameID="Ext_Stocktaking FreezeStock" ADElementNameID="FreezeStock" ADReferenceNameID="Button" ADReferenceNameValueID="" ADTableNameID="Ext_Stocktaking" ADValRuleNameID="" Callout="" ColumnSQL="" ColumnName="FreezeStock" DefaultValue="N" Description="" EntityType="cenos" FieldLength="1" Help="" isAlwaysUpdateable="true" isIdentifier="false" isKey="false" isMandatory="true" isParent="false" isSelectionColumn="false" isActive="true" isTranslated="false" isUpdateable="true" Name="Freezing Stock" getIsSyncDatabase="Y" ReadOnlyLogic="" SeqNo="0" VFormat="" ValueMax="" ValueMin="" Version="0" InfoFactoryClass=""/>
                <element AD_Element_ID="138" IsActive="true" ColumnName="AD_User_ID" Description="User within the system - Internal or Business Partner Contact" EntityType="D" Help="The User identifies a unique user in the system. This could be an internal user or a business partner contact" Name="Usuario" PrintName="Usuario" PO_Description="" PO_Name="" PO_Help="" PO_PrintName=""/>
                <reference AD_Reference_ID="30" name="Search" Description="Search Field" EntityType="D" Help="" Name="Search" isActive="true" VFormat="" ValidationType="D"/>
                <dynvalrule AD_Val_Rule_ID="164" Name="AD_User - Internal" Code="EXISTS (SELECT * FROM C_BPartner bp WHERE AD_User.C_BPartner_ID=bp.C_BPartner_ID AND (bp.IsEmployee='Y' OR bp.IsSalesRep='Y'))" Description="Employees &amp; Sales Reps" EntityType="D" Type="S" isActive="true"/>
                <column AD_Column_ID="95011" ADColumnNameID="AD_User_ID" ADProcessNameID="" ADElementNameID="AD_User_ID" ADReferenceNameID="Search" ADReferenceNameValueID="" ADTableNameID="Ext_Stocktaking" ADValRuleNameID="AD_User - Internal" Callout="" ColumnSQL="" ColumnName="AD_User_ID" DefaultValue="@#AD_User_ID@" Description="User within the system - Internal or Business Partner Contact" EntityType="cenos" FieldLength="10" Help="The User identifies a unique user in the system. This could be an internal user or a business partner contact" isAlwaysUpdateable="false" isIdentifier="false" isKey="false" isMandatory="true" isParent="false" isSelectionColumn="false" isActive="true" isTranslated="false" isUpdateable="true" Name="Usuario" getIsSyncDatabase="Y" ReadOnlyLogic="" SeqNo="0" VFormat="" ValueMax="" ValueMin="" Version="0" InfoFactoryClass=""/>
                <element AD_Element_ID="196" IsActive="true" ColumnName="C_DocType_ID" Description="Document type or rules" EntityType="D" Help="The Document Type determines document sequence and processing rules" Name="Document Type" PrintName="Doc Type" PO_Description="" PO_Name="" PO_Help="" PO_PrintName=""/>
                <dynvalrule AD_Val_Rule_ID="95000" Name="C_DocType Stocktaking" Code="C_DocType.DocBaseType = 'STK'" Description="" EntityType="cenos" Type="S" isActive="true"/>
                <column AD_Column_ID="95012" ADColumnNameID="C_DocType_ID" ADProcessNameID="" ADElementNameID="C_DocType_ID" ADReferenceNameID="Table Direct" ADReferenceNameValueID="" ADTableNameID="Ext_Stocktaking" ADValRuleNameID="C_DocType Stocktaking" Callout="" ColumnSQL="" ColumnName="C_DocType_ID" DefaultValue="" Description="Document type or rules" EntityType="cenos" FieldLength="10" Help="The Document Type determines document sequence and processing rules" isAlwaysUpdateable="false" isIdentifier="false" isKey="false" isMandatory="true" isParent="false" isSelectionColumn="false" isActive="true" isTranslated="false" isUpdateable="true" Name="Document Type" getIsSyncDatabase="Y" ReadOnlyLogic="" SeqNo="0" VFormat="" ValueMax="" ValueMin="" Version="0" InfoFactoryClass=""/>
                <element AD_Element_ID="287" IsActive="true" ColumnName="DocAction" Description="The targeted status of the document" EntityType="D" Help="You find the current status in the Document Status field. The options are listed in a popup" Name="Document Action" PrintName="Doc Action" PO_Description="" PO_Name="" PO_Help="" PO_PrintName=""/>
                <reference AD_Reference_ID="135" name="_Document Action" Description="Document action list" EntityType="D" Help="" Name="_Document Action" isActive="true" VFormat="LL" ValidationType="L">
                    <referencelist AD_Ref_List_ID="189" ADReflistNameID="&lt;None&gt;" ADRefenceNameID="_Document Action" Description="No action" EntityType="D" Name="&lt;None&gt;" isActive="true" Value="--"/>
                    <referencelist AD_Ref_List_ID="179" ADReflistNameID="Approve" ADRefenceNameID="_Document Action" Description="Approve this transaction" EntityType="D" Name="Approve" isActive="true" Value="AP"/>
                    <referencelist AD_Ref_List_ID="183" ADReflistNameID="Close" ADRefenceNameID="_Document Action" Description="Finally close this transaction. It cannot be re-activated." EntityType="D" Name="Close" isActive="true" Value="CL"/>
                    <referencelist AD_Ref_List_ID="178" ADReflistNameID="Complete" ADRefenceNameID="_Document Action" Description="Generate documents and complete transaction" EntityType="D" Name="Complete" isActive="true" Value="CO"/>
                    <referencelist AD_Ref_List_ID="187" ADReflistNameID="Invalidate" ADRefenceNameID="_Document Action" Description="Invalidate Document" EntityType="D" Name="Invalidate" isActive="true" Value="IN"/>
                    <referencelist AD_Ref_List_ID="181" ADReflistNameID="Post" ADRefenceNameID="_Document Action" Description="Post transaction" EntityType="D" Name="Post" isActive="true" Value="PO"/>
                    <referencelist AD_Ref_List_ID="345" ADReflistNameID="Prepare" ADRefenceNameID="_Document Action" Description="Check Document conistency and check Inventory" EntityType="D" Name="Prepare" isActive="true" Value="PR"/>
                    <referencelist AD_Ref_List_ID="185" ADReflistNameID="Reverse - Accrual" ADRefenceNameID="_Document Action" Description="Reverse by switching Dr/Cr with current date" EntityType="D" Name="Reverse - Accrual" isActive="true" Value="RA"/>
                    <referencelist AD_Ref_List_ID="184" ADReflistNameID="Reverse - Correct" ADRefenceNameID="_Document Action" Description="Reverse Transaction (correction) by reversing sign with same date" EntityType="D" Name="Reverse - Correct" isActive="true" Value="RC"/>
                    <referencelist AD_Ref_List_ID="188" ADReflistNameID="Re-activate" ADRefenceNameID="_Document Action" Description="Reopen Document and Reverse automaticly generated documents; You need to Complete the transaction after the change. " EntityType="D" Name="Re-activate" isActive="true" Value="RE"/>
                    <referencelist AD_Ref_List_ID="180" ADReflistNameID="Reject" ADRefenceNameID="_Document Action" Description="Reject the approval of the document. " EntityType="D" Name="Reject" isActive="true" Value="RJ"/>
                    <referencelist AD_Ref_List_ID="182" ADReflistNameID="Void" ADRefenceNameID="_Document Action" Description="Set all quantities to zero and complete transaction" EntityType="D" Name="Void" isActive="true" Value="VO"/>
                    <referencelist AD_Ref_List_ID="691" ADReflistNameID="Wait Complete" ADRefenceNameID="_Document Action" Description="Wait Condition ok Complete Docuement" EntityType="D" Name="Wait Complete" isActive="true" Value="WC"/>
                    <referencelist AD_Ref_List_ID="347" ADReflistNameID="Unlock" ADRefenceNameID="_Document Action" Description="Unlock Transaction (process error)" EntityType="D" Name="Unlock" isActive="true" Value="XL"/>
                </reference>
                <workflow AD_Workflow_ID="95000" Value="Process_Stocktaking" Name="Process_Stocktaking" ADTableNameID="Ext_Stocktaking" ADWorkflowNodeNameID="(Start)" ADWorkflowResponsibleNameID="" ADWorkflowProcessorNameID="" isBetaFunctionality="false" AccessLevel="1" DurationUnit="D" Help="" Description="(Standard Process Stocktaking)" EntityType="cenos" Author="CEN Online Service C" Version="0" Priority="0" Limit="0" Duration="1" Cost="0" WorkingTime="0" WaitingTime="0" PublishStatus="U" WorkflowType="P" DocValueLogic="" isValid="true">
                    <workflowNode AD_WF_Node_ID="95000" Value="(Start)" Name="(Start)" ADWorkflowNameID="Process_Stocktaking" ADWindowNameID="" ADTaskNameID="" ADProcessNameID="" ADFormNameID="" ADWorkflowBlockNameID="" ADWorkflowResponsibleNameID="" ADImageNameID="" WorkflowNameID="" ADColumnNameID="" isActive="true" Description="" Help="" isCentrallyMaintained="true" Action="Z" EntityType="cenos" XPosition="0" YPosition="0" SubflowExecution="" StartMode="" Priority="0" Duration="0" Cost="0" WorkingTime="0" WaitingTime="0" JoinElement="X" SplitElement="X" WaitTime="0" AttributeName="" AttributeValue="" DocAction="" DynPriorityUnit="" DynPriorityChange="0"/>
                    <workflowNodeNext AD_WF_NodeNext_ID="95000" ADWorkflowNameID="Process_Stocktaking" ADWorkflowNodeNameID="(Start)" ADWorkflowNodeNextNameID="(DocPrepare)" isActive="true" EntityType="cenos" Description="" SeqNo="10" IsStdUserWorkflow="true"/>
                    <workflowNodeNext AD_WF_NodeNext_ID="95001" ADWorkflowNameID="Process_Stocktaking" ADWorkflowNodeNameID="(Start)" ADWorkflowNodeNextNameID="(DocAuto)" isActive="true" EntityType="cenos" Description="" SeqNo="10" IsStdUserWorkflow="false"/>
                    <workflowNode AD_WF_Node_ID="95001" Value="(DocPrepare)" Name="(DocPrepare)" ADWorkflowNameID="Process_Stocktaking" ADWindowNameID="" ADTaskNameID="" ADProcessNameID="" ADFormNameID="" ADWorkflowBlockNameID="" ADWorkflowResponsibleNameID="" ADImageNameID="" WorkflowNameID="" ADColumnNameID="" isActive="true" Description="" Help="" isCentrallyMaintained="true" Action="D" EntityType="cenos" XPosition="0" YPosition="0" SubflowExecution="" StartMode="" Priority="0" Duration="0" Cost="0" WorkingTime="0" WaitingTime="0" JoinElement="X" SplitElement="X" WaitTime="0" AttributeName="" AttributeValue="" DocAction="PR" DynPriorityUnit="" DynPriorityChange="0"/>
                    <workflowNodeNext AD_WF_NodeNext_ID="95002" ADWorkflowNameID="Process_Stocktaking" ADWorkflowNodeNameID="(DocPrepare)" ADWorkflowNodeNextNameID="(DocComplete)" isActive="true" EntityType="cenos" Description="" SeqNo="10" IsStdUserWorkflow="false"/>
                    <workflowNode AD_WF_Node_ID="95002" Value="(DocAuto)" Name="(DocAuto)" ADWorkflowNameID="Process_Stocktaking" ADWindowNameID="" ADTaskNameID="" ADProcessNameID="" ADFormNameID="" ADWorkflowBlockNameID="" ADWorkflowResponsibleNameID="" ADImageNameID="" WorkflowNameID="" ADColumnNameID="" isActive="true" Description="" Help="" isCentrallyMaintained="true" Action="D" EntityType="cenos" XPosition="0" YPosition="0" SubflowExecution="" StartMode="" Priority="0" Duration="0" Cost="0" WorkingTime="0" WaitingTime="0" JoinElement="X" SplitElement="X" WaitTime="0" AttributeName="" AttributeValue="" DocAction="--" DynPriorityUnit="" DynPriorityChange="0"/>
                    <workflowNode AD_WF_Node_ID="95003" Value="(DocComplete)" Name="(DocComplete)" ADWorkflowNameID="Process_Stocktaking" ADWindowNameID="" ADTaskNameID="" ADProcessNameID="" ADFormNameID="" ADWorkflowBlockNameID="" ADWorkflowResponsibleNameID="" ADImageNameID="" WorkflowNameID="" ADColumnNameID="" isActive="true" Description="" Help="" isCentrallyMaintained="true" Action="D" EntityType="cenos" XPosition="0" YPosition="0" SubflowExecution="" StartMode="" Priority="0" Duration="0" Cost="0" WorkingTime="0" WaitingTime="0" JoinElement="X" SplitElement="X" WaitTime="0" AttributeName="" AttributeValue="" DocAction="CO" DynPriorityUnit="" DynPriorityChange="0"/>
                </workflow>
                <process AD_Process_ID="95000" Name="Process Stocktaking" ADWorkflowNameID="Process_Stocktaking" ADProcessNameID="Process Stocktaking" ADPrintFormatNameID="" ADReportViewNameID="" AccessLevel="1" Classname="" Description="" EntityType="cenos" Help="" isBetaFunctionality="false" isDirectPrint="false" isReport="false" isActive="true" ProcedureName="" StatisticCount="0" StatisticSeconds="0" Value="Ext_Stocktaking Process" WorkflowValue="" ShowHelp="Y" JasperReport=""/>
                <column AD_Column_ID="95013" ADColumnNameID="DocAction" ADProcessNameID="Ext_Stocktaking Process" ADElementNameID="DocAction" ADReferenceNameID="Button" ADReferenceNameValueID="_Document Action" ADTableNameID="Ext_Stocktaking" ADValRuleNameID="" Callout="" ColumnSQL="" ColumnName="DocAction" DefaultValue="CO" Description="The targeted status of the document" EntityType="cenos" FieldLength="2" Help="You find the current status in the Document Status field. The options are listed in a popup" isAlwaysUpdateable="false" isIdentifier="false" isKey="false" isMandatory="true" isParent="false" isSelectionColumn="false" isActive="true" isTranslated="false" isUpdateable="true" Name="Document Action" getIsSyncDatabase="Y" ReadOnlyLogic="" SeqNo="0" VFormat="" ValueMax="" ValueMin="" Version="0" InfoFactoryClass=""/>
                <element AD_Element_ID="289" IsActive="true" ColumnName="DocStatus" Description="The current status of the document" EntityType="D" Help="The Document Status indicates the status of a document at this time.  If you want to change the document status, use the Document Action field" Name="Document Status" PrintName="Doc Status" PO_Description="" PO_Name="" PO_Help="" PO_PrintName=""/>
                <reference AD_Reference_ID="131" name="_Document Status" Description="Document Status list" EntityType="D" Help="" Name="_Document Status" isActive="true" VFormat="LL" ValidationType="L">
                    <referencelist AD_Ref_List_ID="190" ADReflistNameID="Unknown" ADRefenceNameID="_Document Status" Description="" EntityType="D" Name="Unknown" isActive="true" Value="??"/>
                    <referencelist AD_Ref_List_ID="166" ADReflistNameID="Approved" ADRefenceNameID="_Document Status" Description="" EntityType="D" Name="Approved" isActive="true" Value="AP"/>
                    <referencelist AD_Ref_List_ID="177" ADReflistNameID="Closed" ADRefenceNameID="_Document Status" Description="" EntityType="D" Name="Closed" isActive="true" Value="CL"/>
                    <referencelist AD_Ref_List_ID="165" ADReflistNameID="Completed" ADRefenceNameID="_Document Status" Description="" EntityType="D" Name="Completed" isActive="true" Value="CO"/>
                    <referencelist AD_Ref_List_ID="164" ADReflistNameID="Drafted" ADRefenceNameID="_Document Status" Description="" EntityType="D" Name="Drafted" isActive="true" Value="DR"/>
                    <referencelist AD_Ref_List_ID="173" ADReflistNameID="Invalid" ADRefenceNameID="_Document Status" Description="" EntityType="D" Name="Invalid" isActive="true" Value="IN"/>
                    <referencelist AD_Ref_List_ID="341" ADReflistNameID="In Progress" ADRefenceNameID="_Document Status" Description="" EntityType="D" Name="In Progress" isActive="true" Value="IP"/>
                    <referencelist AD_Ref_List_ID="168" ADReflistNameID="Not Approved" ADRefenceNameID="_Document Status" Description="" EntityType="D" Name="Not Approved" isActive="true" Value="NA"/>
                    <referencelist AD_Ref_List_ID="176" ADReflistNameID="Reversed" ADRefenceNameID="_Document Status" Description="" EntityType="D" Name="Reversed" isActive="true" Value="RE"/>
                    <referencelist AD_Ref_List_ID="172" ADReflistNameID="Voided" ADRefenceNameID="_Document Status" Description="" EntityType="D" Name="Voided" isActive="true" Value="VO"/>
                    <referencelist AD_Ref_List_ID="670" ADReflistNameID="Waiting Confirmation" ADRefenceNameID="_Document Status" Description="" EntityType="D" Name="Waiting Confirmation" isActive="true" Value="WC"/>
                    <referencelist AD_Ref_List_ID="346" ADReflistNameID="Waiting Payment" ADRefenceNameID="_Document Status" Description="" EntityType="D" Name="Waiting Payment" isActive="true" Value="WP"/>
                </reference>
                <column AD_Column_ID="95014" ADColumnNameID="DocStatus" ADProcessNameID="" ADElementNameID="DocStatus" ADReferenceNameID="List" ADReferenceNameValueID="_Document Status" ADTableNameID="Ext_Stocktaking" ADValRuleNameID="" Callout="" ColumnSQL="" ColumnName="DocStatus" DefaultValue="DR" Description="The current status of the document" EntityType="cenos" FieldLength="2" Help="The Document Status indicates the status of a document at this time.  If you want to change the document status, use the Document Action field" isAlwaysUpdateable="false" isIdentifier="false" isKey="false" isMandatory="false" isParent="false" isSelectionColumn="false" isActive="true" isTranslated="false" isUpdateable="true" Name="Document Status" getIsSyncDatabase="Y" ReadOnlyLogic="" SeqNo="0" VFormat="" ValueMax="" ValueMin="" Version="0" InfoFactoryClass=""/>
                <element AD_Element_ID="290" IsActive="true" ColumnName="DocumentNo" Description="Document sequence number of the document" EntityType="D" Help="The document number is usually automatically generated by the system and determined by the document type of the document. If the document is not saved, the preliminary number is displayed in &quot;&lt;&gt;&quot;.&#10;&#10;If the document type of your document has no automatic document sequence defined, the field is empty if you create a new document. This is for documents which usually have an external number (like vendor invoice).  If you leave the field empty, the system will generate a document number for you. The document sequence used for this fallback number is defined in the &quot;Maintain Sequence&quot; window with the name &quot;DocumentNo_&lt;TableName&gt;&quot;, where TableName is the actual name of the table (e.g. C_Order)." Name="Document No" PrintName="Document No" PO_Description="" PO_Name="" PO_Help="" PO_PrintName=""/>
                <reference AD_Reference_ID="10" name="String" Description="Character String" EntityType="D" Help="" Name="String" isActive="true" VFormat="" ValidationType="D"/>
                <column AD_Column_ID="95015" ADColumnNameID="DocumentNo" ADProcessNameID="" ADElementNameID="DocumentNo" ADReferenceNameID="String" ADReferenceNameValueID="" ADTableNameID="Ext_Stocktaking" ADValRuleNameID="" Callout="" ColumnSQL="" ColumnName="DocumentNo" DefaultValue="" Description="Document sequence number of the document" EntityType="cenos" FieldLength="30" Help="The document number is usually automatically generated by the system and determined by the document type of the document. If the document is not saved, the preliminary number is displayed in &quot;&lt;&gt;&quot;.&#10;&#10;If the document type of your document has no automatic document sequence defined, the field is empty if you create a new document. This is for documents which usually have an external number (like vendor invoice).  If you leave the field empty, the system will generate a document number for you. The document sequence used for this fallback number is defined in the &quot;Maintain Sequence&quot; window with the name &quot;DocumentNo_&lt;TableName&gt;&quot;, where TableName is the actual name of the table (e.g. C_Order)." isAlwaysUpdateable="false" isIdentifier="true" isKey="false" isMandatory="true" isParent="false" isSelectionColumn="true" isActive="true" isTranslated="false" isUpdateable="true" Name="Document No" getIsSyncDatabase="Y" ReadOnlyLogic="" SeqNo="1" VFormat="" ValueMax="" ValueMin="" Version="0" InfoFactoryClass=""/>
                <element AD_Element_ID="1047" IsActive="true" ColumnName="Processed" Description="The document has been processed" EntityType="D" Help="The Processed checkbox indicates that a document has been processed." Name="Processed" PrintName="Processed" PO_Description="" PO_Name="" PO_Help="" PO_PrintName=""/>
                <column AD_Column_ID="95016" ADColumnNameID="Processed" ADProcessNameID="" ADElementNameID="Processed" ADReferenceNameID="Yes-No" ADReferenceNameValueID="" ADTableNameID="Ext_Stocktaking" ADValRuleNameID="" Callout="" ColumnSQL="" ColumnName="Processed" DefaultValue="N" Description="The document has been processed" EntityType="cenos" FieldLength="1" Help="The Processed checkbox indicates that a document has been processed." isAlwaysUpdateable="false" isIdentifier="false" isKey="false" isMandatory="true" isParent="false" isSelectionColumn="false" isActive="true" isTranslated="false" isUpdateable="true" Name="Processed" getIsSyncDatabase="Y" ReadOnlyLogic="" SeqNo="0" VFormat="" ValueMax="" ValueMin="" Version="0" InfoFactoryClass=""/>
                <element AD_Element_ID="1027" IsActive="true" ColumnName="M_Inventory_ID" Description="Parameters for a Physical Inventory" EntityType="D" Help="The Physical Inventory indicates a unique parameters for a physical inventory." Name="Phys.Inventory" PrintName="Phys.Inventory" PO_Description="" PO_Name="" PO_Help="" PO_PrintName=""/>
                <column AD_Column_ID="95017" ADColumnNameID="M_Inventory_ID" ADProcessNameID="" ADElementNameID="M_Inventory_ID" ADReferenceNameID="Table Direct" ADReferenceNameValueID="" ADTableNameID="Ext_Stocktaking" ADValRuleNameID="" Callout="" ColumnSQL="" ColumnName="M_Inventory_ID" DefaultValue="" Description="Parameters for a Physical Inventory" EntityType="cenos" FieldLength="10" Help="The Physical Inventory indicates a unique parameters for a physical inventory." isAlwaysUpdateable="false" isIdentifier="false" isKey="false" isMandatory="false" isParent="false" isSelectionColumn="false" isActive="true" isTranslated="false" isUpdateable="true" Name="Phys.Inventory" getIsSyncDatabase="Y" ReadOnlyLogic="" SeqNo="0" VFormat="" ValueMax="" ValueMin="" Version="0" InfoFactoryClass=""/>
                <element AD_Element_ID="459" IsActive="true" ColumnName="M_Warehouse_ID" Description="Storage Warehouse and Service Point" EntityType="D" Help="The Warehouse identifies a unique Warehouse where products are stored or Services are provided." Name="Warehouse" PrintName="Warehouse" PO_Description="" PO_Name="" PO_Help="" PO_PrintName=""/>
                <dynvalrule AD_Val_Rule_ID="189" Name="M_Warehouse Org" Code="M_Warehouse.AD_Org_ID=@AD_Org_ID@" Description="" EntityType="D" Type="S" isActive="true"/>
                <column AD_Column_ID="95046" ADColumnNameID="M_Warehouse_ID" ADProcessNameID="" ADElementNameID="M_Warehouse_ID" ADReferenceNameID="Table Direct" ADReferenceNameValueID="" ADTableNameID="Ext_Stocktaking" ADValRuleNameID="M_Warehouse Org" Callout="" ColumnSQL="" ColumnName="M_Warehouse_ID" DefaultValue="@#M_Warehouse_ID@" Description="Storage Warehouse and Service Point" EntityType="cenos" FieldLength="10" Help="The Warehouse identifies a unique Warehouse where products are stored or Services are provided." isAlwaysUpdateable="false" isIdentifier="false" isKey="false" isMandatory="true" isParent="false" isSelectionColumn="false" isActive="true" isTranslated="false" isUpdateable="true" Name="Warehouse" getIsSyncDatabase="Y" ReadOnlyLogic="" SeqNo="0" VFormat="" ValueMax="" ValueMin="" Version="0" InfoFactoryClass=""/>
                <element AD_Element_ID="95004" IsActive="true" ColumnName="StockStatus" Description="" EntityType="cenos" Help="" Name="Stock Status" PrintName="Stock Status" PO_Description="" PO_Name="" PO_Help="" PO_PrintName=""/>
                <column AD_Column_ID="95048" ADColumnNameID="StockStatus" ADProcessNameID="" ADElementNameID="StockStatus" ADReferenceNameID="String" ADReferenceNameValueID="" ADTableNameID="Ext_Stocktaking" ADValRuleNameID="" Callout="" ColumnSQL="CASE WHEN Ext_Stocktaking.FreezeStock = 'Y' THEN 'Freeze' ELSE 'Un-freeze' End" ColumnName="StockStatus" DefaultValue="" Description="" EntityType="cenos" FieldLength="20" Help="" isAlwaysUpdateable="false" isIdentifier="false" isKey="false" isMandatory="false" isParent="false" isSelectionColumn="false" isActive="true" isTranslated="false" isUpdateable="false" Name="Stock Status" getIsSyncDatabase="Y" ReadOnlyLogic="" SeqNo="0" VFormat="" ValueMax="" ValueMin="" Version="0" InfoFactoryClass=""/>
            </table>
            <tab AD_Tab_ID="95000" Name="Stocktaking" ADColumnSortOrderNameID="" ADColumnSortYesNoNameID="" ADColumnNameID="" ADImageNameID="" ADProcessNameID="" ADTabNameID="Stocktaking" ADTableNameID="Ext_Stocktaking" ADWindowNameID="Stocktaking" IncludedTabNameID="" CommitWarning="" Description="" EntityType="cenos" isHasTree="false" Help="" isInfoTab="false" isReadOnly="false" isSingleRow="true" isSortTab="false" isActive="true" IsTranslationTab="false" OrderByClause="" isProcessing="false" SeqNo="10" TabLevel="0" WhereClause="" ReadOnlyLogic="" DisplayLogic="" isInsertRecord="true" isAdvancedTab="false" Syncfields="false">
                <field AD_Field_ID="95000" ADColumnNameID="IsActive" ADTableNameID="Ext_Stocktaking" ADFieldGroupNameID="" ADFieldNameID="Active" ADTabNameID="Stocktaking" ADWindowNameID="Stocktaking" EntityType="cenos" Name="Active" SameLine="false" isCentrallyMaintained="true" Displayed="false" isActive="true" isEncrypted="false" isFieldOnly="false" isHeading="false" isReadOnly="false" SeqNo="0" DisplayLength="1" Description="The record is active in the system" Help="There are two methods of making records unavailable in the system: One is to delete the record, the other is to de-activate the record. A de-activated record is not available for selection, but available for reports.&#10;There are two reasons for de-activating and not deleting records:&#10;(1) The system requires the record for audit purposes.&#10;(2) The record is referenced by other records. E.g., you cannot delete a Business Partner, if there are invoices for this partner record existing. You de-activate the Business Partner and prevent that this record is used for future entries." SortNo="0" DisplayLogic="" ObscureType="" InfoFactoryClass="" ADReferenceNameID="" ADReferenceNameValueID="" ADValRuleNameID=""/>
                <field AD_Field_ID="95010" ADColumnNameID="Processed" ADTableNameID="Ext_Stocktaking" ADFieldGroupNameID="" ADFieldNameID="Processed" ADTabNameID="Stocktaking" ADWindowNameID="Stocktaking" EntityType="cenos" Name="Processed" SameLine="false" isCentrallyMaintained="true" Displayed="false" isActive="true" isEncrypted="false" isFieldOnly="false" isHeading="false" isReadOnly="false" SeqNo="0" DisplayLength="1" Description="The document has been processed" Help="The Processed checkbox indicates that a document has been processed." SortNo="0" DisplayLogic="" ObscureType="" InfoFactoryClass="" ADReferenceNameID="" ADReferenceNameValueID="" ADValRuleNameID=""/>
                <field AD_Field_ID="95001" ADColumnNameID="AD_Client_ID" ADTableNameID="Ext_Stocktaking" ADFieldGroupNameID="" ADFieldNameID="Client" ADTabNameID="Stocktaking" ADWindowNameID="Stocktaking" EntityType="cenos" Name="Client" SameLine="false" isCentrallyMaintained="true" Displayed="true" isActive="true" isEncrypted="false" isFieldOnly="false" isHeading="false" isReadOnly="true" SeqNo="10" DisplayLength="10" Description="Client/Tenant for this installation." Help="A Client is a company or a legal entity. You cannot share data between Clients. Tenant is a synonym for Client." SortNo="0" DisplayLogic="" ObscureType="" InfoFactoryClass="" ADReferenceNameID="" ADReferenceNameValueID="" ADValRuleNameID=""/>
                <field AD_Field_ID="95008" ADColumnNameID="AD_Org_ID" ADTableNameID="Ext_Stocktaking" ADFieldGroupNameID="" ADFieldNameID="Organization" ADTabNameID="Stocktaking" ADWindowNameID="Stocktaking" EntityType="cenos" Name="Organization" SameLine="true" isCentrallyMaintained="true" Displayed="true" isActive="true" isEncrypted="false" isFieldOnly="false" isHeading="false" isReadOnly="false" SeqNo="20" DisplayLength="10" Description="Organizational entity within client" Help="An organization is a unit of your client or legal entity - examples are store, department. You can share data between organizations." SortNo="0" DisplayLogic="" ObscureType="" InfoFactoryClass="" ADReferenceNameID="" ADReferenceNameValueID="" ADValRuleNameID=""/>
                <field AD_Field_ID="95004" ADColumnNameID="DocumentNo" ADTableNameID="Ext_Stocktaking" ADFieldGroupNameID="" ADFieldNameID="Document No" ADTabNameID="Stocktaking" ADWindowNameID="Stocktaking" EntityType="cenos" Name="Document No" SameLine="false" isCentrallyMaintained="true" Displayed="true" isActive="true" isEncrypted="false" isFieldOnly="false" isHeading="false" isReadOnly="false" SeqNo="30" DisplayLength="10" Description="Document sequence number of the document" Help="The document number is usually automatically generated by the system and determined by the document type of the document. If the document is not saved, the preliminary number is displayed in &quot;&lt;&gt;&quot;.&#10;&#10;If the document type of your document has no automatic document sequence defined, the field is empty if you create a new document. This is for documents which usually have an external number (like vendor invoice).  If you leave the field empty, the system will generate a document number for you. The document sequence used for this fallback number is defined in the &quot;Maintain Sequence&quot; window with the name &quot;DocumentNo_&lt;TableName&gt;&quot;, where TableName is the actual name of the table (e.g. C_Order)." SortNo="0" DisplayLogic="" ObscureType="" InfoFactoryClass="" ADReferenceNameID="" ADReferenceNameValueID="" ADValRuleNameID=""/>
                <field AD_Field_ID="95006" ADColumnNameID="C_DocType_ID" ADTableNameID="Ext_Stocktaking" ADFieldGroupNameID="" ADFieldNameID="Document Type" ADTabNameID="Stocktaking" ADWindowNameID="Stocktaking" EntityType="cenos" Name="Document Type" SameLine="false" isCentrallyMaintained="true" Displayed="true" isActive="true" isEncrypted="false" isFieldOnly="false" isHeading="false" isReadOnly="false" SeqNo="40" DisplayLength="10" Description="Document type or rules" Help="The Document Type determines document sequence and processing rules" SortNo="0" DisplayLogic="" ObscureType="" InfoFactoryClass="" ADReferenceNameID="" ADReferenceNameValueID="" ADValRuleNameID=""/>
                <field AD_Field_ID="95013" ADColumnNameID="AD_User_ID" ADTableNameID="Ext_Stocktaking" ADFieldGroupNameID="" ADFieldNameID="User" ADTabNameID="Stocktaking" ADWindowNameID="Stocktaking" EntityType="cenos" Name="User" SameLine="true" isCentrallyMaintained="true" Displayed="true" isActive="true" isEncrypted="false" isFieldOnly="false" isHeading="false" isReadOnly="false" SeqNo="50" DisplayLength="10" Description="User within the system - Internal or Business Partner Contact" Help="The User identifies a unique user in the system. This could be an internal user or a business partner contact" SortNo="0" DisplayLogic="" ObscureType="" InfoFactoryClass="" ADReferenceNameID="" ADReferenceNameValueID="" ADValRuleNameID=""/>
                <field AD_Field_ID="95012" ADColumnNameID="DateTrx" ADTableNameID="Ext_Stocktaking" ADFieldGroupNameID="" ADFieldNameID="Count Date" ADTabNameID="Stocktaking" ADWindowNameID="Stocktaking" EntityType="cenos" Name="Count Date" SameLine="false" isCentrallyMaintained="false" Displayed="true" isActive="true" isEncrypted="false" isFieldOnly="false" isHeading="false" isReadOnly="false" SeqNo="60" DisplayLength="7" Description="Count Date" Help="The Transaction Date indicates the date of the transaction." SortNo="0" DisplayLogic="" ObscureType="" InfoFactoryClass="" ADReferenceNameID="" ADReferenceNameValueID="" ADValRuleNameID=""/>
                <field AD_Field_ID="95014" ADColumnNameID="M_Warehouse_ID" ADTableNameID="Ext_Stocktaking" ADFieldGroupNameID="" ADFieldNameID="Warehouse" ADTabNameID="Stocktaking" ADWindowNameID="Stocktaking" EntityType="cenos" Name="Warehouse" SameLine="false" isCentrallyMaintained="true" Displayed="true" isActive="true" isEncrypted="false" isFieldOnly="false" isHeading="false" isReadOnly="false" SeqNo="70" DisplayLength="10" Description="Storage Warehouse and Service Point" Help="The Warehouse identifies a unique Warehouse where products are stored or Services are provided." SortNo="0" DisplayLogic="" ObscureType="" InfoFactoryClass="" ADReferenceNameID="" ADReferenceNameValueID="" ADValRuleNameID=""/>
                <field AD_Field_ID="95026" ADColumnNameID="StockStatus" ADTableNameID="Ext_Stocktaking" ADFieldGroupNameID="" ADFieldNameID="Stock Status" ADTabNameID="Stocktaking" ADWindowNameID="Stocktaking" EntityType="cenos" Name="Stock Status" SameLine="true" isCentrallyMaintained="true" Displayed="true" isActive="true" isEncrypted="false" isFieldOnly="false" isHeading="false" isReadOnly="false" SeqNo="80" DisplayLength="0" Description="" Help="" SortNo="0" DisplayLogic="" ObscureType="" InfoFactoryClass="" ADReferenceNameID="" ADReferenceNameValueID="" ADValRuleNameID=""/>
                <field AD_Field_ID="95002" ADColumnNameID="Description" ADTableNameID="Ext_Stocktaking" ADFieldGroupNameID="" ADFieldNameID="Description" ADTabNameID="Stocktaking" ADWindowNameID="Stocktaking" EntityType="cenos" Name="Description" SameLine="false" isCentrallyMaintained="true" Displayed="true" isActive="true" isEncrypted="false" isFieldOnly="false" isHeading="false" isReadOnly="false" SeqNo="90" DisplayLength="255" Description="Optional short description of the record" Help="A description is limited to 255 characters." SortNo="0" DisplayLogic="" ObscureType="" InfoFactoryClass="" ADReferenceNameID="" ADReferenceNameValueID="" ADValRuleNameID=""/>
                <field AD_Field_ID="95007" ADColumnNameID="FreezeStock" ADTableNameID="Ext_Stocktaking" ADFieldGroupNameID="" ADFieldNameID="Freezing Stock" ADTabNameID="Stocktaking" ADWindowNameID="Stocktaking" EntityType="cenos" Name="Freezing Stock" SameLine="false" isCentrallyMaintained="true" Displayed="true" isActive="true" isEncrypted="false" isFieldOnly="false" isHeading="false" isReadOnly="false" SeqNo="100" DisplayLength="1" Description="" Help="" SortNo="0" DisplayLogic="" ObscureType="" InfoFactoryClass="" ADReferenceNameID="" ADReferenceNameValueID="" ADValRuleNameID=""/>
                <field AD_Field_ID="95003" ADColumnNameID="DocAction" ADTableNameID="Ext_Stocktaking" ADFieldGroupNameID="" ADFieldNameID="Document Action" ADTabNameID="Stocktaking" ADWindowNameID="Stocktaking" EntityType="cenos" Name="Document Action" SameLine="true" isCentrallyMaintained="true" Displayed="true" isActive="true" isEncrypted="false" isFieldOnly="false" isHeading="false" isReadOnly="false" SeqNo="110" DisplayLength="2" Description="The targeted status of the document" Help="You find the current status in the Document Status field. The options are listed in a popup" SortNo="0" DisplayLogic="" ObscureType="" InfoFactoryClass="" ADReferenceNameID="" ADReferenceNameValueID="" ADValRuleNameID=""/>
                <field AD_Field_ID="95009" ADColumnNameID="M_Inventory_ID" ADTableNameID="Ext_Stocktaking" ADFieldGroupNameID="" ADFieldNameID="Phys.Inventory" ADTabNameID="Stocktaking" ADWindowNameID="Stocktaking" EntityType="cenos" Name="Phys.Inventory" SameLine="false" isCentrallyMaintained="true" Displayed="true" isActive="true" isEncrypted="false" isFieldOnly="false" isHeading="false" isReadOnly="true" SeqNo="120" DisplayLength="10" Description="Parameters for a Physical Inventory" Help="The Physical Inventory indicates a unique parameters for a physical inventory." SortNo="0" DisplayLogic="" ObscureType="" InfoFactoryClass="" ADReferenceNameID="" ADReferenceNameValueID="" ADValRuleNameID=""/>
                <field AD_Field_ID="95005" ADColumnNameID="DocStatus" ADTableNameID="Ext_Stocktaking" ADFieldGroupNameID="" ADFieldNameID="Document Status" ADTabNameID="Stocktaking" ADWindowNameID="Stocktaking" EntityType="cenos" Name="Document Status" SameLine="true" isCentrallyMaintained="true" Displayed="true" isActive="true" isEncrypted="false" isFieldOnly="false" isHeading="false" isReadOnly="true" SeqNo="130" DisplayLength="2" Description="The current status of the document" Help="The Document Status indicates the status of a document at this time.  If you want to change the document status, use the Document Action field" SortNo="0" DisplayLogic="" ObscureType="" InfoFactoryClass="" ADReferenceNameID="" ADReferenceNameValueID="" ADValRuleNameID=""/>
                <field AD_Field_ID="95011" ADColumnNameID="Ext_Stocktaking_ID" ADTableNameID="Ext_Stocktaking" ADFieldGroupNameID="" ADFieldNameID="Stocktaking" ADTabNameID="Stocktaking" ADWindowNameID="Stocktaking" EntityType="cenos" Name="Stocktaking" SameLine="false" isCentrallyMaintained="true" Displayed="false" isActive="true" isEncrypted="false" isFieldOnly="false" isHeading="false" isReadOnly="false" SeqNo="0" DisplayLength="10" Description="" Help="" SortNo="0" DisplayLogic="" ObscureType="" InfoFactoryClass="" ADReferenceNameID="" ADReferenceNameValueID="" ADValRuleNameID=""/>
            </tab>
            <table AD_Table_ID="95001" Name="Stocktaking Line" ADTableNameID="Ext_StocktakingLine" ADWindowNameID="" POWindowNameID="" ADValRuleNameID="" AccessLevel="3" Description="Stocktaking Line" EntityType="cenos" Help="" ImportTable="N" isChangeLog="false" isActive="true" isDeleteable="true" isHighVolume="false" isSecurityEnabled="false" isView="false" LoadSeq="" ReplicationType="L" TableName="Ext_StocktakingLine">
                <element AD_Element_ID="95003" IsActive="true" ColumnName="Ext_StocktakingLine_ID" Description="" EntityType="cenos" Help="" Name="Stocktaking Line" PrintName="Stocktaking Line" PO_Description="" PO_Name="" PO_Help="" PO_PrintName=""/>
                <column AD_Column_ID="95032" ADColumnNameID="Ext_StocktakingLine_ID" ADProcessNameID="" ADElementNameID="Ext_StocktakingLine_ID" ADReferenceNameID="ID" ADReferenceNameValueID="" ADTableNameID="Ext_StocktakingLine" ADValRuleNameID="" Callout="" ColumnSQL="" ColumnName="Ext_StocktakingLine_ID" DefaultValue="" Description="" EntityType="cenos" FieldLength="10" Help="" isAlwaysUpdateable="false" isIdentifier="false" isKey="true" isMandatory="true" isParent="false" isSelectionColumn="false" isActive="true" isTranslated="false" isUpdateable="false" Name="Stocktaking Line" getIsSyncDatabase="Y" ReadOnlyLogic="" SeqNo="0" VFormat="" ValueMax="" ValueMin="" Version="0" InfoFactoryClass=""/>
                <column AD_Column_ID="95033" ADColumnNameID="Ext_Stocktaking_ID" ADProcessNameID="" ADElementNameID="Ext_Stocktaking_ID" ADReferenceNameID="Table Direct" ADReferenceNameValueID="" ADTableNameID="Ext_StocktakingLine" ADValRuleNameID="" Callout="" ColumnSQL="" ColumnName="Ext_Stocktaking_ID" DefaultValue="" Description="" EntityType="cenos" FieldLength="10" Help="" isAlwaysUpdateable="false" isIdentifier="true" isKey="false" isMandatory="true" isParent="true" isSelectionColumn="false" isActive="true" isTranslated="false" isUpdateable="false" Name="Stocktaking" getIsSyncDatabase="Y" ReadOnlyLogic="" SeqNo="1" VFormat="" ValueMax="" ValueMin="" Version="0" InfoFactoryClass=""/>
                <column AD_Column_ID="95034" ADColumnNameID="AD_Client_ID" ADProcessNameID="" ADElementNameID="AD_Client_ID" ADReferenceNameID="Table Direct" ADReferenceNameValueID="" ADTableNameID="Ext_StocktakingLine" ADValRuleNameID="AD_Client Trx Security validation" Callout="" ColumnSQL="" ColumnName="AD_Client_ID" DefaultValue="" Description="Client/Tenant for this installation." EntityType="cenos" FieldLength="10" Help="A Client is a company or a legal entity. You cannot share data between Clients. Tenant is a synonym for Client." isAlwaysUpdateable="false" isIdentifier="false" isKey="false" isMandatory="true" isParent="false" isSelectionColumn="false" isActive="true" isTranslated="false" isUpdateable="false" Name="Client" getIsSyncDatabase="Y" ReadOnlyLogic="" SeqNo="0" VFormat="" ValueMax="" ValueMin="" Version="0" InfoFactoryClass=""/>
                <column AD_Column_ID="95035" ADColumnNameID="AD_Org_ID" ADProcessNameID="" ADElementNameID="AD_Org_ID" ADReferenceNameID="Table Direct" ADReferenceNameValueID="" ADTableNameID="Ext_StocktakingLine" ADValRuleNameID="AD_Org Trx Security validation" Callout="" ColumnSQL="" ColumnName="AD_Org_ID" DefaultValue="" Description="Organizational entity within client" EntityType="cenos" FieldLength="10" Help="An organization is a unit of your client or legal entity - examples are store, department. You can share data between organizations." isAlwaysUpdateable="false" isIdentifier="false" isKey="false" isMandatory="true" isParent="false" isSelectionColumn="false" isActive="true" isTranslated="false" isUpdateable="false" Name="Organization" getIsSyncDatabase="Y" ReadOnlyLogic="" SeqNo="0" VFormat="" ValueMax="" ValueMin="" Version="0" InfoFactoryClass=""/>
                <column AD_Column_ID="95036" ADColumnNameID="IsActive" ADProcessNameID="" ADElementNameID="IsActive" ADReferenceNameID="Yes-No" ADReferenceNameValueID="" ADTableNameID="Ext_StocktakingLine" ADValRuleNameID="" Callout="" ColumnSQL="" ColumnName="IsActive" DefaultValue="Y" Description="The record is active in the system" EntityType="cenos" FieldLength="1" Help="There are two methods of making records unavailable in the system: One is to delete the record, the other is to de-activate the record. A de-activated record is not available for selection, but available for reports.&#10;There are two reasons for de-activating and not deleting records:&#10;(1) The system requires the record for audit purposes.&#10;(2) The record is referenced by other records. E.g., you cannot delete a Business Partner, if there are invoices for this partner record existing. You de-activate the Business Partner and prevent that this record is used for future entries." isAlwaysUpdateable="false" isIdentifier="false" isKey="false" isMandatory="true" isParent="false" isSelectionColumn="false" isActive="true" isTranslated="false" isUpdateable="true" Name="Active" getIsSyncDatabase="Y" ReadOnlyLogic="" SeqNo="0" VFormat="" ValueMax="" ValueMin="" Version="0" InfoFactoryClass=""/>
                <column AD_Column_ID="95037" ADColumnNameID="Created" ADProcessNameID="" ADElementNameID="Created" ADReferenceNameID="Date+Time" ADReferenceNameValueID="" ADTableNameID="Ext_StocktakingLine" ADValRuleNameID="" Callout="" ColumnSQL="" ColumnName="Created" DefaultValue="" Description="Date this record was created" EntityType="cenos" FieldLength="7" Help="The Created field indicates the date that this record was created." isAlwaysUpdateable="false" isIdentifier="false" isKey="false" isMandatory="true" isParent="false" isSelectionColumn="false" isActive="true" isTranslated="false" isUpdateable="false" Name="Created" getIsSyncDatabase="Y" ReadOnlyLogic="" SeqNo="0" VFormat="" ValueMax="" ValueMin="" Version="0" InfoFactoryClass=""/>
                <column AD_Column_ID="95038" ADColumnNameID="CreatedBy" ADProcessNameID="" ADElementNameID="CreatedBy" ADReferenceNameID="Table" ADReferenceNameValueID="AD_User" ADTableNameID="Ext_StocktakingLine" ADValRuleNameID="" Callout="" ColumnSQL="" ColumnName="CreatedBy" DefaultValue="" Description="User who created this records" EntityType="cenos" FieldLength="10" Help="The Created By field indicates the user who created this record." isAlwaysUpdateable="false" isIdentifier="false" isKey="false" isMandatory="true" isParent="false" isSelectionColumn="false" isActive="true" isTranslated="false" isUpdateable="false" Name="Created By" getIsSyncDatabase="Y" ReadOnlyLogic="" SeqNo="0" VFormat="" ValueMax="" ValueMin="" Version="0" InfoFactoryClass=""/>
                <column AD_Column_ID="95039" ADColumnNameID="Updated" ADProcessNameID="" ADElementNameID="Updated" ADReferenceNameID="Date+Time" ADReferenceNameValueID="" ADTableNameID="Ext_StocktakingLine" ADValRuleNameID="" Callout="" ColumnSQL="" ColumnName="Updated" DefaultValue="" Description="Date this record was updated" EntityType="cenos" FieldLength="10" Help="The Updated field indicates the date that this record was updated." isAlwaysUpdateable="false" isIdentifier="false" isKey="false" isMandatory="true" isParent="false" isSelectionColumn="false" isActive="true" isTranslated="false" isUpdateable="false" Name="Updated" getIsSyncDatabase="Y" ReadOnlyLogic="" SeqNo="0" VFormat="" ValueMax="" ValueMin="" Version="0" InfoFactoryClass=""/>
                <column AD_Column_ID="95040" ADColumnNameID="UpdatedBy" ADProcessNameID="" ADElementNameID="UpdatedBy" ADReferenceNameID="Table" ADReferenceNameValueID="AD_User" ADTableNameID="Ext_StocktakingLine" ADValRuleNameID="" Callout="" ColumnSQL="" ColumnName="UpdatedBy" DefaultValue="" Description="User who updated this records" EntityType="cenos" FieldLength="10" Help="The Updated By field indicates the user who updated this record." isAlwaysUpdateable="false" isIdentifier="false" isKey="false" isMandatory="true" isParent="false" isSelectionColumn="false" isActive="true" isTranslated="false" isUpdateable="false" Name="Updated By" getIsSyncDatabase="Y" ReadOnlyLogic="" SeqNo="0" VFormat="" ValueMax="" ValueMin="" Version="0" InfoFactoryClass=""/>
                <column AD_Column_ID="95041" ADColumnNameID="Processed" ADProcessNameID="" ADElementNameID="Processed" ADReferenceNameID="Yes-No" ADReferenceNameValueID="" ADTableNameID="Ext_StocktakingLine" ADValRuleNameID="" Callout="" ColumnSQL="" ColumnName="Processed" DefaultValue="N" Description="The document has been processed" EntityType="cenos" FieldLength="1" Help="The Processed checkbox indicates that a document has been processed." isAlwaysUpdateable="false" isIdentifier="false" isKey="false" isMandatory="true" isParent="false" isSelectionColumn="false" isActive="true" isTranslated="false" isUpdateable="true" Name="Processed" getIsSyncDatabase="Y" ReadOnlyLogic="" SeqNo="0" VFormat="" ValueMax="" ValueMin="" Version="0" InfoFactoryClass=""/>
                <element AD_Element_ID="439" IsActive="true" ColumnName="Line" Description="Unique line for this document" EntityType="D" Help="Indicates the unique line for a document.  It will also control the display order of the lines within a document." Name="Line No" PrintName="Line No" PO_Description="" PO_Name="" PO_Help="" PO_PrintName=""/>
                <reference AD_Reference_ID="11" name="Integer" Description="10 Digit numeric" EntityType="D" Help="" Name="Integer" isActive="true" VFormat="" ValidationType="D"/>
                <column AD_Column_ID="95042" ADColumnNameID="Line" ADProcessNameID="" ADElementNameID="Line" ADReferenceNameID="Integer" ADReferenceNameValueID="" ADTableNameID="Ext_StocktakingLine" ADValRuleNameID="" Callout="" ColumnSQL="" ColumnName="Line" DefaultValue="@SQL=SELECT COALESCE(MAX(Line),0)+10 AS DefaultValue FROM Ext_StockTakingLine WHERE Ext_StockTakingLine.Ext_StockTaking_ID = @Ext_Stocktaking_ID@" Description="Unique line for this document" EntityType="cenos" FieldLength="10" Help="Indicates the unique line for a document.  It will also control the display order of the lines within a document." isAlwaysUpdateable="false" isIdentifier="true" isKey="false" isMandatory="false" isParent="false" isSelectionColumn="false" isActive="true" isTranslated="false" isUpdateable="true" Name="Line No" getIsSyncDatabase="Y" ReadOnlyLogic="" SeqNo="2" VFormat="" ValueMax="" ValueMin="" Version="0" InfoFactoryClass=""/>
                <element AD_Element_ID="448" IsActive="true" ColumnName="M_Locator_ID" Description="Warehouse Locator" EntityType="D" Help="The Locator indicates where in a Warehouse a product is located." Name="Locator" PrintName="Locator" PO_Description="" PO_Name="" PO_Help="" PO_PrintName=""/>
                <dynvalrule AD_Val_Rule_ID="127" Name="M_Locator of Warehouse" Code="M_Locator.M_Warehouse_ID=@M_Warehouse_ID@" Description="" EntityType="D" Type="S" isActive="true"/>
                <column AD_Column_ID="95043" ADColumnNameID="M_Locator_ID" ADProcessNameID="" ADElementNameID="M_Locator_ID" ADReferenceNameID="Table Direct" ADReferenceNameValueID="" ADTableNameID="Ext_StocktakingLine" ADValRuleNameID="M_Locator of Warehouse" Callout="" ColumnSQL="" ColumnName="M_Locator_ID" DefaultValue="" Description="Warehouse Locator" EntityType="cenos" FieldLength="10" Help="The Locator indicates where in a Warehouse a product is located." isAlwaysUpdateable="false" isIdentifier="true" isKey="false" isMandatory="true" isParent="false" isSelectionColumn="false" isActive="true" isTranslated="false" isUpdateable="true" Name="Locator" getIsSyncDatabase="Y" ReadOnlyLogic="" SeqNo="5" VFormat="" ValueMax="" ValueMin="" Version="0" InfoFactoryClass=""/>
                <element AD_Element_ID="454" IsActive="true" ColumnName="M_Product_ID" Description="Product, Service, Item" EntityType="D" Help="Identifies an item which is either purchased or sold in this organization." Name="Product" PrintName="Product" PO_Description="" PO_Name="" PO_Help="" PO_PrintName=""/>
                <dynvalrule AD_Val_Rule_ID="231" Name="M_Product (Trx)" Code="M_Product.IsSummary='N' AND M_Product.IsActive='Y'" Description="" EntityType="D" Type="S" isActive="true"/>
                <column AD_Column_ID="95044" ADColumnNameID="M_Product_ID" ADProcessNameID="" ADElementNameID="M_Product_ID" ADReferenceNameID="Search" ADReferenceNameValueID="" ADTableNameID="Ext_StocktakingLine" ADValRuleNameID="M_Product (Trx)" Callout="th.co.cenos.model.CalloutStocktaking.clear" ColumnSQL="" ColumnName="M_Product_ID" DefaultValue="" Description="Product, Service, Item" EntityType="cenos" FieldLength="10" Help="Identifies an item which is either purchased or sold in this organization." isAlwaysUpdateable="false" isIdentifier="true" isKey="false" isMandatory="true" isParent="false" isSelectionColumn="false" isActive="true" isTranslated="false" isUpdateable="true" Name="Product" getIsSyncDatabase="Y" ReadOnlyLogic="" SeqNo="3" VFormat="" ValueMax="" ValueMin="" Version="0" InfoFactoryClass=""/>
                <element AD_Element_ID="2019" IsActive="true" ColumnName="M_AttributeSetInstance_ID" Description="Product Attribute Set Instance" EntityType="D" Help="The values of the actual Product Attribute Instances.  The product level attributes are defined on Product level." Name="Attribute Set Instance" PrintName="Attribute Set Instance" PO_Description="" PO_Name="" PO_Help="" PO_PrintName=""/>
                <reference AD_Reference_ID="35" name="Product Attribute" Description="Product Attribute" EntityType="D" Help="" Name="Product Attribute" isActive="true" VFormat="" ValidationType="D"/>
                <column AD_Column_ID="95045" ADColumnNameID="M_AttributeSetInstance_ID" ADProcessNameID="" ADElementNameID="M_AttributeSetInstance_ID" ADReferenceNameID="Product Attribute" ADReferenceNameValueID="" ADTableNameID="Ext_StocktakingLine" ADValRuleNameID="" Callout="" ColumnSQL="" ColumnName="M_AttributeSetInstance_ID" DefaultValue="" Description="Product Attribute Set Instance" EntityType="cenos" FieldLength="10" Help="The values of the actual Product Attribute Instances.  The product level attributes are defined on Product level." isAlwaysUpdateable="false" isIdentifier="false" isKey="false" isMandatory="false" isParent="false" isSelectionColumn="false" isActive="true" isTranslated="false" isUpdateable="true" Name="Attribute Set Instance" getIsSyncDatabase="Y" ReadOnlyLogic="" SeqNo="0" VFormat="" ValueMax="" ValueMin="" Version="0" InfoFactoryClass=""/>
                <element AD_Element_ID="1049" IsActive="true" ColumnName="QtyCount" Description="Counted Quantity" EntityType="D" Help="The Quantity Count indicates the actual inventory count taken for a product in inventory" Name="Quantity count" PrintName="Qty count" PO_Description="" PO_Name="" PO_Help="" PO_PrintName=""/>
                <reference AD_Reference_ID="29" name="Quantity" Description="Quantity data type" EntityType="D" Help="" Name="Quantity" isActive="true" VFormat="" ValidationType="D"/>
                <column AD_Column_ID="95047" ADColumnNameID="QtyCount" ADProcessNameID="" ADElementNameID="QtyCount" ADReferenceNameID="Quantity" ADReferenceNameValueID="" ADTableNameID="Ext_StocktakingLine" ADValRuleNameID="" Callout="" ColumnSQL="" ColumnName="QtyCount" DefaultValue="0" Description="Counted Quantity" EntityType="cenos" FieldLength="22" Help="The Quantity Count indicates the actual inventory count taken for a product in inventory" isAlwaysUpdateable="false" isIdentifier="true" isKey="false" isMandatory="true" isParent="false" isSelectionColumn="false" isActive="true" isTranslated="false" isUpdateable="true" Name="Quantity count" getIsSyncDatabase="Y" ReadOnlyLogic="" SeqNo="4" VFormat="" ValueMax="" ValueMin="" Version="0" InfoFactoryClass=""/>
            </table>
            <tab AD_Tab_ID="95001" Name="Stocktaking Line" ADColumnSortOrderNameID="" ADColumnSortYesNoNameID="" ADColumnNameID="" ADImageNameID="" ADProcessNameID="" ADTabNameID="Stocktaking Line" ADTableNameID="Ext_StocktakingLine" ADWindowNameID="Stocktaking" IncludedTabNameID="" CommitWarning="" Description="" EntityType="cenos" isHasTree="false" Help="" isInfoTab="false" isReadOnly="false" isSingleRow="true" isSortTab="false" isActive="true" IsTranslationTab="false" OrderByClause="" isProcessing="false" SeqNo="20" TabLevel="1" WhereClause="" ReadOnlyLogic="" DisplayLogic="" isInsertRecord="false" isAdvancedTab="false" Syncfields="false">
                <field AD_Field_ID="95015" ADColumnNameID="IsActive" ADTableNameID="Ext_StocktakingLine" ADFieldGroupNameID="" ADFieldNameID="Active" ADTabNameID="Stocktaking Line" ADWindowNameID="Stocktaking" EntityType="cenos" Name="Active" SameLine="false" isCentrallyMaintained="true" Displayed="false" isActive="true" isEncrypted="false" isFieldOnly="false" isHeading="false" isReadOnly="false" SeqNo="0" DisplayLength="1" Description="The record is active in the system" Help="There are two methods of making records unavailable in the system: One is to delete the record, the other is to de-activate the record. A de-activated record is not available for selection, but available for reports.&#10;There are two reasons for de-activating and not deleting records:&#10;(1) The system requires the record for audit purposes.&#10;(2) The record is referenced by other records. E.g., you cannot delete a Business Partner, if there are invoices for this partner record existing. You de-activate the Business Partner and prevent that this record is used for future entries." SortNo="0" DisplayLogic="" ObscureType="" InfoFactoryClass="" ADReferenceNameID="" ADReferenceNameValueID="" ADValRuleNameID=""/>
                <field AD_Field_ID="95021" ADColumnNameID="Processed" ADTableNameID="Ext_StocktakingLine" ADFieldGroupNameID="" ADFieldNameID="Processed" ADTabNameID="Stocktaking Line" ADWindowNameID="Stocktaking" EntityType="cenos" Name="Processed" SameLine="false" isCentrallyMaintained="true" Displayed="false" isActive="true" isEncrypted="false" isFieldOnly="false" isHeading="false" isReadOnly="false" SeqNo="0" DisplayLength="1" Description="The document has been processed" Help="The Processed checkbox indicates that a document has been processed." SortNo="0" DisplayLogic="" ObscureType="" InfoFactoryClass="" ADReferenceNameID="" ADReferenceNameValueID="" ADValRuleNameID=""/>
                <field AD_Field_ID="95017" ADColumnNameID="AD_Client_ID" ADTableNameID="Ext_StocktakingLine" ADFieldGroupNameID="" ADFieldNameID="Client" ADTabNameID="Stocktaking Line" ADWindowNameID="Stocktaking" EntityType="cenos" Name="Client" SameLine="false" isCentrallyMaintained="true" Displayed="true" isActive="true" isEncrypted="false" isFieldOnly="false" isHeading="false" isReadOnly="true" SeqNo="10" DisplayLength="10" Description="Client/Tenant for this installation." Help="A Client is a company or a legal entity. You cannot share data between Clients. Tenant is a synonym for Client." SortNo="0" DisplayLogic="" ObscureType="" InfoFactoryClass="" ADReferenceNameID="" ADReferenceNameValueID="" ADValRuleNameID=""/>
                <field AD_Field_ID="95020" ADColumnNameID="AD_Org_ID" ADTableNameID="Ext_StocktakingLine" ADFieldGroupNameID="" ADFieldNameID="Organization" ADTabNameID="Stocktaking Line" ADWindowNameID="Stocktaking" EntityType="cenos" Name="Organization" SameLine="true" isCentrallyMaintained="true" Displayed="true" isActive="true" isEncrypted="false" isFieldOnly="false" isHeading="false" isReadOnly="false" SeqNo="20" DisplayLength="10" Description="Organizational entity within client" Help="An organization is a unit of your client or legal entity - examples are store, department. You can share data between organizations." SortNo="0" DisplayLogic="" ObscureType="" InfoFactoryClass="" ADReferenceNameID="" ADReferenceNameValueID="" ADValRuleNameID=""/>
                <field AD_Field_ID="95024" ADColumnNameID="Ext_Stocktaking_ID" ADTableNameID="Ext_StocktakingLine" ADFieldGroupNameID="" ADFieldNameID="Stocktaking" ADTabNameID="Stocktaking Line" ADWindowNameID="Stocktaking" EntityType="cenos" Name="Stocktaking" SameLine="false" isCentrallyMaintained="true" Displayed="true" isActive="true" isEncrypted="false" isFieldOnly="false" isHeading="false" isReadOnly="true" SeqNo="30" DisplayLength="10" Description="" Help="" SortNo="0" DisplayLogic="" ObscureType="" InfoFactoryClass="" ADReferenceNameID="" ADReferenceNameValueID="" ADValRuleNameID=""/>
                <field AD_Field_ID="95018" ADColumnNameID="Line" ADTableNameID="Ext_StocktakingLine" ADFieldGroupNameID="" ADFieldNameID="Line No" ADTabNameID="Stocktaking Line" ADWindowNameID="Stocktaking" EntityType="cenos" Name="Line No" SameLine="false" isCentrallyMaintained="true" Displayed="true" isActive="true" isEncrypted="false" isFieldOnly="false" isHeading="false" isReadOnly="false" SeqNo="40" DisplayLength="10" Description="Unique line for this document" Help="Indicates the unique line for a document.  It will also control the display order of the lines within a document." SortNo="0" DisplayLogic="" ObscureType="" InfoFactoryClass="" ADReferenceNameID="" ADReferenceNameValueID="" ADValRuleNameID=""/>
                <field AD_Field_ID="95022" ADColumnNameID="M_Product_ID" ADTableNameID="Ext_StocktakingLine" ADFieldGroupNameID="" ADFieldNameID="Product" ADTabNameID="Stocktaking Line" ADWindowNameID="Stocktaking" EntityType="cenos" Name="Product" SameLine="false" isCentrallyMaintained="true" Displayed="true" isActive="true" isEncrypted="false" isFieldOnly="false" isHeading="false" isReadOnly="false" SeqNo="50" DisplayLength="10" Description="Product, Service, Item" Help="Identifies an item which is either purchased or sold in this organization." SortNo="0" DisplayLogic="" ObscureType="" InfoFactoryClass="" ADReferenceNameID="" ADReferenceNameValueID="" ADValRuleNameID=""/>
                <field AD_Field_ID="95016" ADColumnNameID="M_AttributeSetInstance_ID" ADTableNameID="Ext_StocktakingLine" ADFieldGroupNameID="" ADFieldNameID="Attribute Set Instance" ADTabNameID="Stocktaking Line" ADWindowNameID="Stocktaking" EntityType="cenos" Name="Attribute Set Instance" SameLine="true" isCentrallyMaintained="true" Displayed="true" isActive="true" isEncrypted="false" isFieldOnly="false" isHeading="false" isReadOnly="false" SeqNo="60" DisplayLength="10" Description="Product Attribute Set Instance" Help="The values of the actual Product Attribute Instances.  The product level attributes are defined on Product level." SortNo="0" DisplayLogic="" ObscureType="" InfoFactoryClass="" ADReferenceNameID="" ADReferenceNameValueID="" ADValRuleNameID=""/>
                <field AD_Field_ID="95019" ADColumnNameID="M_Locator_ID" ADTableNameID="Ext_StocktakingLine" ADFieldGroupNameID="" ADFieldNameID="Locator" ADTabNameID="Stocktaking Line" ADWindowNameID="Stocktaking" EntityType="cenos" Name="Locator" SameLine="false" isCentrallyMaintained="true" Displayed="true" isActive="true" isEncrypted="false" isFieldOnly="false" isHeading="false" isReadOnly="false" SeqNo="70" DisplayLength="10" Description="Warehouse Locator" Help="The Locator indicates where in a Warehouse a product is located." SortNo="0" DisplayLogic="" ObscureType="" InfoFactoryClass="" ADReferenceNameID="" ADReferenceNameValueID="" ADValRuleNameID=""/>
                <field AD_Field_ID="95023" ADColumnNameID="QtyCount" ADTableNameID="Ext_StocktakingLine" ADFieldGroupNameID="" ADFieldNameID="Quantity count" ADTabNameID="Stocktaking Line" ADWindowNameID="Stocktaking" EntityType="cenos" Name="Quantity count" SameLine="true" isCentrallyMaintained="true" Displayed="true" isActive="true" isEncrypted="false" isFieldOnly="false" isHeading="false" isReadOnly="false" SeqNo="80" DisplayLength="22" Description="Counted Quantity" Help="The Quantity Count indicates the actual inventory count taken for a product in inventory" SortNo="0" DisplayLogic="" ObscureType="" InfoFactoryClass="" ADReferenceNameID="" ADReferenceNameValueID="" ADValRuleNameID=""/>
                <field AD_Field_ID="95025" ADColumnNameID="Ext_StocktakingLine_ID" ADTableNameID="Ext_StocktakingLine" ADFieldGroupNameID="" ADFieldNameID="Stocktaking Line" ADTabNameID="Stocktaking Line" ADWindowNameID="Stocktaking" EntityType="cenos" Name="Stocktaking Line" SameLine="false" isCentrallyMaintained="true" Displayed="false" isActive="true" isEncrypted="false" isFieldOnly="false" isHeading="false" isReadOnly="false" SeqNo="0" DisplayLength="10" Description="" Help="" SortNo="0" DisplayLogic="" ObscureType="" InfoFactoryClass="" ADReferenceNameID="" ADReferenceNameValueID="" ADValRuleNameID=""/>
            </tab>
        </window>
    </menu>
    <message AD_Message_ID="95004" MsgText="Cannot Create Physical Inventory Document" MsgType="E" MsgTip="Cannot create physical inventory document after complete stocktaking document!&#10;&#10;Check error log." Value="CANNOT_CREATE_PI_DOC" EntityType="cenos" isActive="true"/>
    <message AD_Message_ID="95005" MsgText="Cannot Create Physical Inventory Line" MsgType="E" MsgTip="Cannot generate physical inventory document detail when completed stocktaking document.&#10;&#10;Check error log." Value="CANNOT_CREATE_PI_LINE" EntityType="cenos" isActive="true"/>
    <message AD_Message_ID="95000" MsgText="There has another document for this warehouse." MsgType="E" MsgTip="Error message using in StocktakingModelvalidator" Value="ONE_DOC_FOR_WAREHOUSE" EntityType="cenos" isActive="true"/>
    <message AD_Message_ID="95001" MsgText="No Warehouse ID" MsgType="E" MsgTip="Error message using in StocktakingModelvalidator" Value="NO_WAREHOUSE_ID" EntityType="cenos" isActive="true"/>
    <message AD_Message_ID="95002" MsgText="No Warehouse" MsgType="E" MsgTip="Error message using in StocktakingModelValidator" Value="NO_WAREHOUSE" EntityType="cenos" isActive="true"/>
    <message AD_Message_ID="95003" MsgText="The document warehouse was freezing for stocktaking process" MsgType="E" MsgTip="Error message using in StocktakingModelvalidator" Value="STOCK_FREEZING" EntityType="cenos" isActive="true"/>
    <message AD_Message_ID="95007" MsgText="Cannot unfreeze stock!" MsgType="E" MsgTip="Error message in StocktakingModelvalidator" Value="CANNOT_UNFREEZE_STOCK" EntityType="cenos" isActive="true"/>
</adempiereAD>
